function_id,x1,x2,x3,x4,x5,x6,x7,x8,y
1,0.491051,0.581838,,,,,,,-9.274060698392607e-16
2,0.700103,0.999000,,,,,,,0.6652974937498726
3,0.999000,0.999000,0.059438,,,,,,-0.06916285831382741
4,0.460000,0.380000,0.354000,0.400000,,,,,-0.4477943014067283
5,0.999000,0.999000,0.985000,0.999000,,,,,8323.594024682604
6,0.500496,0.393174,0.509448,0.719375,0.001000,,,,-0.4221895866434619
7,0.001000,0.189626,0.001000,0.202738,0.396653,0.811924,,,1.3908802855787788
8,0.147274,0.170121,0.161784,0.198811,0.999000,0.465160,0.166197,0.497094,9.965306580791602
