function_id,x1,x2,x3,x4,x5,x6,x7,x8,y
1,0.544040,0.994256,,,,,,,1.1562718432630718e-98
2,0.780000,0.999000,,,,,,,0.12810412593649256
3,0.999000,0.358015,0.079070,,,,,,-0.037518810369326645
4,0.395838,0.429000,0.396088,0.432345,,,,,0.3809918150874414
5,0.999000,0.980000,0.999000,0.999000,,,,,8233.70215001859
6,0.508158,0.417250,0.574426,0.695961,0.001000,,,,-0.3528844377677341
7,0.001000,0.247899,0.001000,0.209422,0.356599,0.712583,,,1.756189262461899
8,0.103904,0.029343,0.138175,0.227506,0.999000,0.538030,0.246761,0.681034,9.9529271199504
