function_id,x1,x2,x3,x4,x5,x6,x7,x8,y
1,0.999000,0.999000,,,,,,, 1.4794420471186167e-191
2,0.722019,0.653519,,,,,,,0.46821908093608333
3,0.001000,0.999000,0.801989,,,,,,-0.1012789961581391
4,0.430000,0.390000,0.354000,0.460000,,,,,-0.259277672224957
5,0.980000,0.999000,0.999000,0.999000,,,,,8233.70215001859
6,0.538101,0.258663,0.604872,0.744493,0.001000,,,,-0.4250133900305917
7,0.001000,0.252646,0.048338,0.205417,0.293725,0.800670,,,1.6845062749015427
8,0.001000,0.266681,0.150685,0.077808,0.999000,0.642006,0.223255,0.999000,9.903320357614
