function_id,x1,x2,x3,x4,x5,x6,x7,x8,y
1,0.459664,0.334208,,,,,,,-1.9888295739500762e-8
2,0.707862,0.001000,,,,,,0.5487661520925161
3,0.001000,0.001000,0.001000,,,,,,-0.17026488424890837
4,0.412919,0.409991,0.354505,0.423170,,,,,0.6958826207917963
5,0.001000,0.999000,0.999000,0.001000,,,,,1599.957954631154
6,0.344742,0.089772,0.480997,0.999000,0.001000,,,,-0.8253295726417303
7,0.001000,0.302577,0.001001,0.001000,0.402944,0.762984,,,0.6541261816761402
8,0.001000,0.001000,0.001000,0.001000,0.999000,0.648106,0.001000,0.001000,9.729255012764
